ID,AGE,EDUC,Gender,EARN,Job class
123,39,6,1,18,7
135,44,4,1,34,7
140,32,5,2,44,7
170,63,3,2,51,7
183,36,2,2,200,7
199,51,4,2,207,5
261,25,3,2,230,5
267,25,5,2,258,5
331,26,3,2,264,5
338,50,6,2,300,5
363,25,3,2,349,7
384,38,3,1,408,5
386,53,6,1,502,7
402,43,4,2,552,6
409,36,5,2,626,6
421,57,5,2,685,6
422,42,4,2,720,6
430,28,3,2,800,5
475,30,6,2,890,6
519,32,3,2,1000,5
534,52,4,1,1000,7
552,53,3,2,1000,6
553,30,4,2,1001,5
594,29,4,2,1006,5
657,29,4,2,1168,6
680,36,3,1,1200,5
697,34,3,2,1200,6
708,47,3,2,1241,5
733,27,5,2,1328,6
746,43,6,2,1500,5
791,50,5,2,1602,5
821,33,3,2,1783,7
829,41,3,2,1790,7
868,51,4,2,1798,7
902,47,5,2,1800,5
918,37,5,2,1800,5
933,27,3,2,1800,5
957,25,4,2,1860,5
992,37,2,2,1900,5
1021,30,4,1,1920,5
1043,36,1,1,2000,7
1088,26,3,1,2000,5
1093,33,3,2,2000,5
1107,25,2,1,2000,5
1136,28,2,2,2000,5
1161,43,3,2,2000,6
1177,53,3,2,2000,7
1220,57,5,2,2100,5
1240,25,5,2,2132,5
1246,35,4,1,2150,5
1252,51,4,2,2153,5
1257,32,2,1,2200,5
1262,40,2,1,2200,7
1269,35,5,2,2202,5
1292,52,2,2,2400,5
1323,29,1,2,2400,5
1333,43,1,2,2500,5
1356,37,5,2,2500,6
1365,50,4,2,2500,5
1406,38,2,2,2503,5
1412,34,3,2,2504,5
1450,36,1,2,2744,5
1451,56,5,2,2839,5
1500,58,3,2,2870,7
1529,39,4,2,2900,6
1545,30,4,2,2937,6
1559,38,4,2,2953,5
1597,31,2,1,3000,5
1616,56,3,2,3000,7
1623,30,4,2,3000,5
1629,39,3,2,3000,5
1646,39,3,2,3000,5
1688,43,3,1,3000,5
1716,25,5,1,3000,6
1769,37,6,2,3000,5
1777,30,3,2,3000,7
1793,37,3,1,3000,7
1801,41,4,2,3000,6
1802,33,3,2,3000,5
1882,26,2,1,3000,5
1889,40,3,2,3000,6
1890,34,3,2,3005,5
1891,45,4,2,3014,5
1930,26,3,2,3020,5
1939,36,1,1,3042,5
1948,45,4,2,3046,7
1962,57,5,2,3050,7
1969,48,5,2,3120,5
1991,47,3,2,3144,5
1994,54,3,2,3174,7
2005,47,5,2,3200,5
2006,36,3,2,3200,5
2021,35,2,2,3241,5
2031,29,4,2,3293,7
2045,32,3,2,3309,6
2055,28,4,1,3310,7
2086,25,3,2,3500,5
2094,49,4,2,3500,5
2104,37,3,1,3500,5
2119,30,3,2,3600,5
2126,46,3,2,3626,5
2132,36,2,1,3680,5
2133,50,2,1,3700,5
2135,37,5,2,3802,6
2157,52,3,2,3808,5
2174,52,3,2,3900,5
2194,42,4,2,3922,5
2197,43,4,1,4000,5
2207,51,1,2,4000,5
2234,38,3,2,4000,5
2260,37,3,2,4000,6
2270,35,2,2,4000,5
2280,47,1,2,4000,5
2297,54,2,2,4000,5
2298,36,3,2,4000,7
2299,35,4,1,4000,5
2317,51,1,2,4022,5
2318,47,3,2,4046,5
2348,25,4,2,4050,5
2375,38,1,1,4060,5
2376,40,4,2,4200,5
2414,26,3,2,4200,7
2438,48,2,2,4260,5
2458,43,2,1,4316,5
2482,27,3,1,4320,5
2490,40,3,1,4500,5
2493,46,3,1,4500,5
2529,51,1,1,4508,7
2536,28,2,2,4555,5
2554,46,3,2,4600,5
2556,53,1,2,4647,6
2586,25,4,2,4660,5
2588,45,3,2,4670,7
2625,41,4,1,4692,5
2650,43,2,1,4764,7
2654,63,2,1,4788,5
2659,42,3,1,4800,5
2666,44,3,1,4800,5
2698,25,5,1,4800,5
2700,40,4,2,4804,5
2701,28,2,1,4900,5
2702,37,3,2,4900,6
2703,52,4,2,4974,6
2720,27,4,2,5000,5
2725,32,3,1,5000,5
2774,31,3,2,5000,5
2801,54,2,2,5000,5
2806,51,4,2,5000,5
2808,34,4,2,5000,7
2816,56,6,2,5000,5
2851,26,5,1,5000,5
2869,30,3,1,5000,5
2875,43,2,2,5000,5
2877,28,5,2,5000,5
2899,47,1,1,5000,5
2928,36,3,2,5016,6
2943,30,4,2,5025,5
3007,29,2,2,5028,5
3053,58,5,2,5045,5
3062,45,5,2,5185,5
3091,52,4,2,5200,5
3135,31,3,2,5200,5
3139,56,1,2,5250,5
3148,33,4,2,5250,5
3183,28,3,2,5300,5
3184,35,2,2,5304,5
3186,39,3,2,5322,6
3227,53,4,2,5348,5
3254,32,5,2,5459,7
3270,60,1,2,5464,5
3296,60,2,2,5475,5
3320,46,5,2,5500,7
3323,26,4,1,5500,5
3365,29,1,1,5500,5
3370,41,4,1,5500,5
3404,32,4,2,5554,5
3410,43,6,1,5564,5
3435,38,4,2,5606,5
3449,38,2,2,5675,5
3458,41,4,2,5700,5
3463,30,3,2,5720,5
3475,37,4,2,5720,5
3482,49,3,2,5720,5
3512,28,1,2,5832,5
3537,27,5,1,5880,5
3539,31,5,1,5880,5
3541,45,4,2,5905,5
3545,40,2,1,6000,5
3567,37,2,2,6000,5
3583,39,4,2,6000,5
3602,30,4,2,6000,5
3642,29,2,1,6000,6
3649,32,3,2,6000,6
3667,34,4,2,6000,7
3673,34,1,1,6000,5
3691,40,2,2,6000,7
3693,54,1,1,6000,5
3742,35,4,2,6000,5
3746,33,3,2,6001,5
3750,56,3,2,6024,6
3778,33,3,2,6029,5
3781,38,5,2,6050,7
3804,26,4,2,6100,5
3836,28,4,2,6126,5
3840,49,3,1,6150,5
3850,28,4,1,6214,5
3880,57,6,2,6300,5
3990,26,3,1,6300,5
4005,27,3,1,6342,5
4010,57,1,1,6400,5
4021,42,5,2,6488,5
4026,45,2,1,6500,5
4033,55,1,2,6500,6
4058,42,3,2,6500,5
4063,31,3,2,6500,7
4147,40,5,2,6501,5
4156,63,3,2,6510,5
4166,30,2,2,6576,5
4168,35,3,2,6576,6
4176,61,3,2,6639,5
4188,41,3,2,6810,6
4194,35,3,2,6835,5
4220,36,4,1,6861,7
4230,29,3,1,6862,6
4236,46,6,2,6894,5
4280,33,4,1,6896,5
4281,47,3,2,6940,5
4315,37,1,1,7000,5
4316,43,5,2,7000,6
4333,26,4,2,7000,5
4336,25,3,1,7000,5
4348,55,1,2,7000,5
4353,53,2,1,7000,5
4357,45,4,2,7025,5
4371,55,3,2,7050,5
4389,34,3,2,7056,5
4397,45,3,2,7068,7
4406,56,3,2,7075,6
4408,61,6,2,7131,7
4413,53,4,2,7150,7
4454,26,2,1,7200,7
4466,30,3,2,7200,7
4475,32,3,1,7200,5
4494,26,1,2,7200,5
4495,62,5,1,7204,5
4511,47,5,2,7240,7
4515,49,3,2,7304,6
4528,58,4,1,7314,7
4533,36,5,2,7342,5
4547,47,3,1,7401,6
4565,65,1,2,7500,5
4587,49,4,1,7500,5
4589,28,3,1,7501,5
4617,36,4,2,7512,6
4632,43,5,2,7747,5
4654,43,3,2,7798,5
4743,50,2,1,7800,5
4753,34,3,2,7800,5
4781,48,2,2,7800,5
4817,38,3,2,7800,5
4820,43,4,2,7800,5
4827,46,3,1,7828,7
4832,49,4,2,7850,7
4867,26,3,1,8000,5
4896,51,4,1,8000,5
4904,53,3,1,8000,7
4926,50,4,1,8000,6
4936,32,4,2,8000,5
4938,27,2,1,8000,5
4956,60,4,1,8000,5
4973,53,1,2,8000,5
4979,26,3,1,8000,6
5001,35,3,2,8000,5
5020,43,4,1,8000,5
5029,48,1,1,8000,5
5109,50,1,2,8000,6
5146,40,4,1,8000,5
5150,27,3,2,8000,5
5190,48,3,2,8000,6
5197,33,5,2,8000,5
5225,25,3,2,8000,5
5249,41,3,2,8001,7
5262,41,5,2,8003,5
5274,30,3,2,8005,5
5346,42,3,2,8008,6
5364,58,6,2,8009,6
5376,51,3,2,8014,5
5377,34,3,2,8016,5
5380,50,3,2,8025,5
5393,31,3,2,8045,7
5395,40,3,1,8060,5
5410,26,4,2,8100,5
5467,56,4,2,8117,7
5474,44,4,2,8123,5
5508,47,3,2,8161,6
5510,45,4,2,8200,5
5516,29,3,2,8214,5
5549,57,3,2,8240,7
5555,29,6,2,8250,5
5580,42,4,1,8320,5
5616,29,4,2,8350,7
5623,40,1,1,8368,7
5631,37,3,2,8373,5
5636,59,4,2,8375,5
5660,44,6,1,8386,5
5674,26,1,1,8400,5
5682,30,1,1,8409,5
5700,39,4,2,8450,5
5729,41,3,2,8468,5
5732,27,3,1,8498,5
5738,42,4,2,8500,5
5742,26,4,2,8600,5
5757,27,4,2,8603,6
5762,50,4,2,8617,7
5766,29,3,2,8650,5
5785,30,4,2,8676,5
5814,41,3,2,8685,5
5828,40,4,2,8700,5
5832,39,2,2,8840,5
5840,40,3,2,8858,5
5861,58,3,2,8921,5
5867,40,2,2,8932,5
5921,42,5,2,8970,5
5933,49,3,2,8988,5
5952,42,3,1,9000,5
5976,52,4,2,9000,7
5979,42,5,2,9000,5
5990,59,3,1,9000,5
5991,51,3,2,9000,5
6009,44,3,2,9000,5
6021,36,2,2,9000,6
6075,57,4,2,9000,6
6078,46,3,1,9000,5
6085,41,3,2,9001,7
6103,51,3,2,9005,5
6116,44,1,1,9024,5
6155,30,6,1,9050,5
6189,29,1,1,9060,5
6214,46,2,2,9060,5
6245,60,3,1,9075,7
6253,51,5,2,9090,6
6284,53,1,1,9151,5
6322,39,3,2,9200,6
6334,55,3,2,9200,5
6340,32,5,2,9200,5
6345,45,4,2,9250,5
6379,39,3,1,9346,5
6404,42,4,1,9473,7
6430,52,2,1,9479,5
6441,36,2,2,9500,5
6454,50,2,2,9500,5
6467,29,1,1,9500,5
6472,37,3,2,9501,5
6488,31,5,2,9520,6
6507,39,3,2,9600,5
6509,39,5,2,9610,5
6510,48,5,2,9640,5
6513,49,3,2,9750,5
6518,27,3,1,9800,5
6532,55,5,2,9800,5
6556,61,4,2,9925,5
6567,57,6,2,9967,5
6573,30,3,1,10000,7
6600,61,2,2,10000,5
6608,37,4,2,10000,7
6611,47,5,2,10000,7
6615,29,1,1,10000,5
6650,56,2,2,10000,5
6657,44,4,2,10000,5
6658,40,4,1,10000,7
6682,45,4,2,10000,6
6691,46,1,1,10000,5
6724,46,3,2,10000,7
6772,39,5,2,10000,7
6777,36,3,2,10000,5
6781,57,3,2,10000,6
6813,38,1,1,10000,6
6857,50,2,1,10000,5
6861,53,3,2,10000,5
6916,29,3,1,10000,5
6925,28,3,2,10002,5
6931,42,4,2,10010,5
6998,36,5,2,10010,5
7017,39,3,2,10030,5
7025,44,3,2,10050,6
7031,27,2,2,10100,5
7061,25,5,2,10109,5
7066,47,5,2,10137,7
7085,34,2,2,10280,5
7123,45,4,2,10300,5
7144,28,1,1,10400,5
7153,25,3,1,10400,6
7161,48,2,2,10400,5
7162,42,1,1,10400,5
7176,35,3,2,10400,5
7210,47,4,1,10400,5
7227,41,1,2,10400,5
7247,54,3,2,10456,5
7253,51,3,2,10500,5
7267,25,5,2,10520,5
7275,27,4,2,10540,5
7304,40,4,2,10546,5
7341,49,4,1,10570,5
7354,52,3,2,10580,7
7356,38,3,2,10638,5
7378,64,3,2,10667,5
7380,31,4,2,10700,5
7414,52,4,2,10720,5
7425,42,3,1,10768,5
7472,37,5,2,10791,7
7508,27,4,2,10800,5
7518,33,1,1,10800,5
7524,40,3,2,10900,7
7531,51,3,2,10950,6
7540,39,3,2,10960,7
7546,48,3,1,10983,5
7582,42,3,1,11000,7
7585,30,4,2,11000,5
7596,46,3,2,11000,5
7627,48,2,2,11000,5
7640,41,3,2,11000,5
7669,30,1,2,11000,5
7695,54,1,1,11000,5
7773,48,3,2,11000,7
7775,52,3,2,11000,5
7791,31,1,1,11000,7
7796,53,1,2,11000,6
7799,27,3,2,11000,5
7846,31,4,2,11000,5
7848,28,4,2,11005,5
7887,29,1,1,11232,5
7923,41,4,1,11250,5
7931,35,3,1,11268,5
7943,40,4,2,11328,5
7957,53,6,1,11343,6
7961,38,4,1,11440,5
7976,32,5,2,11450,5
7990,51,4,2,11460,6
8013,42,3,2,11500,6
8022,28,3,1,11500,5
8035,42,3,2,11520,5
8047,36,3,2,11530,5
8084,52,3,2,11544,5
8092,34,2,2,11556,5
8102,29,3,1,11640,5
8124,38,3,1,11660,5
8141,29,3,1,11700,5
8185,25,4,2,11700,5
8209,48,3,2,11700,5
8247,45,1,2,11716,5
8249,34,3,2,11742,5
8270,61,3,2,11766,5
8275,26,4,2,11919,5
8299,36,2,2,11960,5
8326,52,1,1,11995,5
8328,56,3,2,12000,5
8340,55,1,2,12000,5
8363,31,4,2,12000,5
8366,30,1,1,12000,5
8368,32,2,1,12000,5
8377,30,3,2,12000,5
8409,43,3,2,12000,5
8437,27,3,1,12000,6
8469,54,3,2,12000,5
8479,48,6,2,12000,5
8488,40,4,1,12000,5
8491,27,2,1,12000,5
8493,50,6,2,12000,5
8515,26,2,1,12000,5
8524,35,4,2,12000,5
8549,25,2,1,12000,7
8552,25,3,1,12000,7
8556,46,2,2,12000,5
8573,57,3,2,12000,5
8584,36,2,1,12000,5
8614,49,5,1,12000,7
8644,45,1,1,12000,5
8697,39,1,2,12000,5
8708,40,2,2,12000,7
8714,46,3,1,12000,5
8725,29,3,2,12000,5
8783,37,3,1,12000,5
8798,51,1,1,12000,5
8800,52,3,2,12000,6
8801,41,3,1,12000,5
8805,36,2,1,12000,5
8815,44,1,2,12000,5
8823,26,5,1,12000,5
8828,28,1,1,12000,5
8857,49,4,1,12007,6
8904,51,6,1,12008,5
8922,29,2,1,12020,5
8955,33,3,2,12025,5
8975,38,5,2,12036,5
9023,43,5,1,12038,7
9058,39,3,2,12049,6
9064,55,4,2,12108,7
9084,44,4,2,12131,5
9109,42,2,2,12170,5
9127,39,4,2,12182,5
9167,27,4,2,12200,5
9169,32,4,2,12201,5
9218,59,2,1,12250,5
9230,25,3,1,12304,5
9256,41,3,2,12360,5
9289,58,4,2,12376,6
9316,39,3,2,12470,5
9319,28,1,2,12486,5
9327,64,3,2,12500,6
9329,40,1,1,12500,5
9353,42,3,2,12500,5
9361,47,6,2,12529,7
9366,27,5,2,12588,6
9409,34,5,2,12588,6
9412,47,2,1,12661,5
9432,45,3,2,12673,6
9441,50,5,2,12676,7
9467,56,6,1,12700,6
9468,45,2,1,12740,5
9475,47,4,2,12785,5
9477,26,3,2,12800,5
9529,38,5,2,12800,7
9546,61,4,1,12832,7
9569,36,2,1,12912,5
9622,44,2,1,13000,5
9663,44,2,1,13000,5
9734,38,2,1,13000,5
9740,28,4,2,13000,5
9765,50,3,1,13000,5
9771,55,2,2,13000,6
9802,33,1,1,13000,5
9810,31,1,1,13000,5
9821,43,3,2,13000,5
9827,61,1,2,13000,5
9842,42,5,2,13000,5
9883,58,4,2,13000,5
9909,28,2,1,13000,5
9914,45,2,1,13000,5
9928,30,1,1,13000,5
9963,33,2,2,13000,5
9974,37,3,1,13000,7
10011,55,1,1,13000,5
10031,58,4,2,13000,5
10072,51,2,2,13000,5
10073,41,3,1,13000,5
10108,27,4,2,13000,5
10112,62,3,2,13000,5
10143,60,3,1,13000,5
10169,35,3,2,13000,5
10185,27,1,1,13000,5
10186,62,3,2,13000,5
10190,54,4,2,13000,5
10192,56,4,2,13000,5
10207,42,3,2,13000,5
10233,35,2,1,13000,5
10245,61,3,1,13000,5
10259,25,3,1,13002,5
10306,28,4,2,13005,5
10357,44,4,1,13006,5
10387,29,5,2,13014,5
10448,56,3,2,13014,5
10458,30,3,2,13025,7
10469,47,3,2,13027,5
10474,65,1,1,13032,6
10486,62,2,2,13073,6
10493,31,1,2,13075,5
10507,44,2,2,13100,5
10541,30,4,2,13100,5
10567,61,4,1,13142,7
10569,26,4,1,13150,5
10571,31,3,2,13150,5
10577,34,5,2,13153,5
10631,33,3,1,13200,7
10676,26,3,2,13250,5
10678,63,2,2,13261,5
10679,46,4,2,13290,5
10729,35,3,2,13346,5
10741,32,3,2,13400,5
10754,47,5,1,13500,6
10787,40,4,2,13500,5
10824,39,4,2,13500,5
10827,57,3,2,13519,5
10834,45,5,2,13666,5
10848,39,5,1,13683,5
10850,26,4,1,13759,5
10879,65,3,2,13808,5
10892,60,6,2,13834,5
10905,47,4,1,13900,5
10910,40,4,2,13950,5
10923,31,4,1,14000,5
10926,41,3,1,14000,7
10943,29,3,2,14000,5
10960,45,3,2,14000,6
10969,26,3,2,14000,5
11014,35,2,1,14000,6
11097,25,5,1,14000,5
11115,63,2,2,14000,5
11128,28,3,1,14000,5
11137,61,3,2,14000,5
11144,37,3,2,14000,6
11153,58,6,1,14000,5
11159,29,5,1,14000,5
11176,28,3,2,14010,5
11195,49,3,2,14011,6
11204,28,3,2,14027,7
11226,32,5,1,14105,5
11263,53,5,2,14120,5
11267,63,2,2,14152,5
11272,51,3,2,14200,6
11281,39,5,2,14225,6
11286,43,4,1,14225,7
11301,51,4,2,14286,5
11384,33,3,1,14300,5
11405,52,1,2,14379,5
11417,44,3,2,14380,5
11457,54,4,1,14400,5
11465,52,3,1,14400,5
11486,63,3,2,14500,6
11501,33,3,2,14524,7
11534,31,4,2,14531,7
11544,51,4,2,14542,7
11556,31,3,1,14560,5
11620,48,1,2,14560,5
11628,28,3,2,14620,6
11636,51,3,1,14700,5
11659,51,4,2,14800,5
11691,37,3,2,14840,5
11697,40,3,2,14860,5
11699,61,4,1,14900,5
11704,43,3,2,14904,5
11717,44,5,2,14907,5
11764,42,3,2,14923,5
11782,29,4,1,14931,5
11784,37,3,1,15000,5
11812,58,1,1,15000,5
11860,50,2,1,15000,5
11867,48,3,2,15000,6
11914,59,3,2,15000,5
11970,50,4,2,15000,5
11993,36,3,2,15000,5
12011,45,1,1,15000,5
12023,44,3,2,15000,5
12026,34,1,1,15000,5
12041,32,1,1,15000,5
12062,28,3,1,15000,5
12082,30,3,1,15000,6
12111,26,3,2,15000,5
12116,52,3,1,15000,5
12200,59,2,2,15000,5
12203,47,3,1,15000,5
12267,49,3,1,15000,7
12273,40,2,1,15000,5
12275,54,2,2,15000,5
12305,46,5,2,15000,6
12329,34,3,2,15000,5
12385,51,4,2,15000,5
12405,40,3,1,15000,7
12408,48,2,2,15000,5
12418,42,3,2,15000,5
12448,33,3,2,15000,5
12545,30,4,1,15000,7
12547,32,1,2,15000,5
12552,44,2,2,15000,5
12566,29,3,2,15000,5
12582,39,3,2,15000,5
12585,40,3,2,15000,5
12589,38,4,2,15000,5
12643,46,4,1,15001,5
12657,28,4,2,15002,5
12681,26,4,1,15002,5
12690,49,4,2,15007,5
12730,30,4,2,15010,5
12740,46,3,2,15014,6
12745,61,3,1,15020,5
12754,48,3,2,15040,5
12757,26,3,2,15049,5
12773,44,4,1,15050,5
12829,31,3,2,15052,5
12907,27,1,1,15080,5
12915,43,3,2,15080,5
12937,32,4,2,15097,5
12966,27,5,2,15100,6
12967,35,3,2,15100,5
12971,34,3,2,15100,5
12989,47,5,2,15150,5
13009,33,4,2,15150,5
13012,40,4,2,15175,5
13047,34,3,1,15185,5
13066,40,3,1,15200,7
13130,37,2,2,15261,5
13152,40,3,2,15299,7
13164,56,3,2,15300,5
13172,38,3,2,15323,5
13185,62,1,1,15348,5
13188,62,4,2,15389,6
13211,47,4,2,15396,6
13231,45,3,2,15400,6
13251,27,3,2,15406,5
13263,38,2,2,15484,5
13310,34,3,2,15500,5
13325,36,4,1,15500,5
13367,50,4,2,15500,5
13414,30,3,2,15530,5
13449,33,6,1,15568,5
13469,48,5,1,15600,5
13483,47,3,2,15600,7
13512,26,3,1,15600,5
13520,26,1,1,15600,5
13530,32,3,1,15600,5
13552,46,4,2,15602,5
13557,53,2,1,15768,7
13575,64,3,2,15796,5
13608,26,3,2,15800,6
13670,37,3,1,15900,5
13683,26,5,1,16000,5
13684,27,4,2,16000,5
13689,31,3,1,16000,5
13712,64,1,2,16000,5
13720,29,3,1,16000,5
13742,36,3,1,16000,5
13767,46,3,2,16000,5
13781,35,3,2,16000,5
13788,45,4,1,16000,7
13804,37,3,2,16000,5
13811,25,2,1,16000,5
13825,44,3,2,16000,5
13838,29,3,2,16000,5
13855,33,1,1,16000,5
13862,51,3,1,16000,5
13880,30,3,2,16000,5
13889,32,3,1,16000,5
13907,44,2,2,16000,5
13938,39,3,1,16000,5
13949,34,3,1,16000,5
13986,37,1,2,16000,5
13989,41,3,2,16022,5
14005,36,4,2,16038,5
14018,41,3,1,16040,5
14051,42,1,1,16045,5
14052,34,3,2,16056,5
14114,43,3,2,16080,5
14121,38,4,2,16095,5
14136,55,3,2,16098,5
14137,28,3,2,16100,5
14152,63,1,1,16100,5
14222,27,3,2,16125,5
14241,46,3,1,16125,5
14271,57,4,1,16152,7
14288,41,3,2,16155,5
14298,42,2,1,16160,5
14337,31,5,2,16200,5
14363,34,4,2,16200,5
14364,25,3,1,16200,5
14464,28,3,2,16300,5
14471,45,2,1,16316,6
14513,26,4,2,16400,5
14524,34,4,2,16430,5
14549,41,5,2,16504,5
14598,42,4,1,16600,5
14599,29,6,1,16640,5
14607,35,1,1,16640,5
14613,41,3,2,16640,5
14621,36,4,2,16640,6
14653,27,3,2,16640,5
14659,31,3,2,16640,5
14698,35,2,2,16640,5
14712,37,4,2,16640,5
14733,26,5,1,16650,5
14735,29,3,1,16652,5
14750,34,1,1,16720,5
14757,56,3,2,16757,5
14759,28,5,2,16777,6
14791,32,5,1,17000,5
14801,28,2,1,17000,5
14805,45,3,1,17000,6
14806,33,4,2,17000,5
14828,38,3,1,17000,7
14830,55,5,2,17000,5
14843,29,3,1,17000,6
14844,26,3,2,17000,5
14853,40,5,1,17000,5
14862,35,4,2,17000,6
14875,37,4,2,17000,7
14906,47,3,2,17000,6
14919,38,2,1,17000,5
14922,61,1,2,17000,5
14930,44,2,2,17000,5
14981,40,3,1,17000,6
15001,29,2,2,17000,5
15023,42,4,1,17000,5
15092,29,4,1,17000,5
15117,39,2,1,17000,5
15149,65,1,1,17000,5
15164,32,6,1,17000,5
15165,25,3,1,17000,5
15187,27,4,2,17012,5
15217,61,2,2,17012,5
15224,36,3,2,17015,5
15251,36,6,2,17019,5
15266,48,4,1,17021,5
15322,64,2,2,17032,6
15324,42,3,2,17100,5
15337,63,3,1,17127,5
15346,35,3,1,17160,5
15347,26,3,2,17160,5
15354,40,2,1,17174,7
15362,48,4,2,17200,5
15369,53,6,2,17201,5
15377,27,5,1,17266,5
15398,47,4,2,17372,5
15434,43,6,2,17397,6
15436,32,4,2,17400,5
15460,39,3,2,17420,5
15481,25,3,2,17460,6
15482,35,3,2,17500,5
15485,38,3,1,17508,5
15517,32,2,2,17512,5
15519,34,3,1,17515,5
15523,51,3,2,17699,5
15526,39,3,2,17744,5
15529,57,3,2,17777,5
15541,37,6,2,17850,5
15544,39,4,2,17887,7
15563,25,2,2,17888,6
15581,44,6,2,18000,6
15616,48,4,2,18000,5
15641,45,2,1,18000,5
15667,28,3,2,18000,5
15683,31,4,2,18000,5
15693,26,4,1,18000,5
15741,25,4,1,18000,5
15763,25,5,2,18000,5
15792,39,3,2,18000,5
15827,34,4,1,18000,5
15867,56,1,2,18000,6
15871,25,6,2,18000,5
15887,59,1,1,18000,5
15898,28,2,1,18000,5
15922,62,3,2,18000,5
15936,36,4,1,18000,6
15971,48,3,2,18000,5
15985,53,3,2,18000,5
15996,28,4,2,18000,5
16034,29,4,1,18000,5
16045,25,3,1,18000,6
16065,25,5,2,18005,5
16133,26,4,2,18026,5
16134,62,5,2,18050,5
16142,37,3,2,18066,5
16143,56,3,2,18079,7
16172,49,4,1,18083,7
16205,34,3,2,18162,5
16269,40,3,2,18197,5
16281,53,4,1,18200,5
16298,34,3,1,18200,6
16317,61,6,1,18200,5
16319,46,3,1,18300,5
16320,43,1,1,18301,5
16334,53,4,2,18337,7
16339,64,4,2,18360,5
16388,45,3,2,18395,5
16433,52,4,2,18398,5
16472,43,4,2,18414,5
16486,36,4,2,18440,5
16504,39,6,2,18450,5
16524,45,3,1,18455,6
16525,45,5,2,18458,5
16550,64,4,2,18462,5
16579,40,3,2,18500,5
16613,30,2,2,18500,5
16628,28,4,2,18500,5
16633,31,4,1,18500,7
16646,35,3,2,18525,5
16680,30,2,2,18581,5
16746,65,4,1,18597,7
16769,34,4,2,18600,7
16796,43,3,2,18620,6
16840,51,3,2,18629,5
16842,53,4,2,18668,5
16845,53,3,2,18698,6
16851,48,3,2,18700,7
16859,45,3,1,18706,5
16873,41,3,1,18720,5
16879,42,4,1,18720,5
16888,27,3,2,18805,5
16895,25,3,2,18856,5
16917,65,3,1,18895,5
16937,31,4,1,19000,5
16954,42,3,2,19000,5
16970,30,3,1,19000,5
16994,53,1,1,19000,5
16997,26,3,1,19000,5
17005,50,3,2,19000,6
17037,29,2,1,19000,5
17045,40,3,1,19000,5
17058,61,3,1,19000,5
17071,45,4,2,19000,5
17073,29,3,1,19000,5
17086,26,3,1,19000,5
17088,42,3,2,19018,5
17089,46,2,2,19040,5
17108,27,3,1,19050,7
17223,29,5,2,19075,7
17226,25,4,1,19100,5
17227,40,3,2,19144,5
17270,33,3,2,19175,5
17298,48,5,2,19242,5
17328,52,5,2,19270,7
17386,40,3,2,19288,7
17387,43,4,2,19300,5
17395,62,4,2,19397,5
17442,35,3,2,19398,5
17455,49,3,1,19500,5
17468,46,4,2,19500,6
17474,49,3,1,19500,5
17484,56,6,2,19527,5
17506,61,3,2,19616,5
17515,61,3,2,19618,5
17516,25,4,2,19620,5
17517,40,3,2,19651,5
17556,63,4,1,19693,5
17566,34,2,1,19760,5
17607,38,4,1,19800,5
17610,38,5,2,19821,5
17622,39,4,2,19913,5
17637,30,4,2,19983,5
17641,47,5,2,19989,7
17645,50,3,1,20000,5
17673,38,4,2,20000,5
17676,47,2,1,20000,7
17688,45,3,1,20000,5
17690,35,4,2,20000,5
17755,27,3,1,20000,5
17761,30,3,1,20000,5
17767,38,5,1,20000,5
17770,25,5,2,20000,5
17774,44,3,2,20000,6
17780,43,4,1,20000,5
17805,39,2,2,20000,5
17811,29,3,1,20000,5
17812,59,2,1,20000,5
17848,59,3,1,20000,5
17856,45,4,1,20000,5
17910,51,5,2,20000,5
17932,59,1,2,20000,5
17971,29,3,2,20000,6
17981,35,3,2,20000,5
18000,41,2,1,20000,5
18053,52,3,1,20000,5
18073,34,2,2,20000,5
18089,44,2,1,20000,5
18096,47,3,1,20000,5
18152,61,3,2,20000,5
18154,37,3,2,20000,5
18160,30,6,1,20000,6
18200,32,4,1,20000,5
18203,41,3,1,20000,5
18204,31,5,1,20000,6
18220,47,3,1,20000,6
18221,30,3,1,20000,5
18226,62,1,2,20000,5
18229,27,5,2,20000,6
18245,39,3,2,20000,5
18264,27,4,1,20000,5
18300,42,1,1,20000,5
18310,34,4,1,20000,5
18333,53,3,2,20000,5
18350,53,4,1,20000,5
18359,55,4,1,20000,5
18391,39,3,2,20001,6
18395,25,4,2,20001,5
18412,36,3,2,20001,6
18424,30,4,1,20001,5
18428,25,4,2,20005,5
18430,57,3,1,20005,5
18447,51,2,2,20008,5
18461,39,4,2,20016,5
18468,42,5,2,20016,5
18480,26,4,1,20018,5
18485,33,3,2,20025,5
18502,48,4,2,20032,5
18529,62,3,2,20040,5
18535,58,4,1,20049,5
18559,29,3,1,20050,5
18611,31,5,1,20052,5
18612,32,2,2,20052,5
18639,27,3,2,20053,5
18641,50,3,1,20055,5
18654,38,3,2,20090,5
18675,35,6,2,20097,5
18731,30,3,2,20100,5
18769,49,3,1,20150,5
18794,55,3,1,20200,5
18813,31,3,1,20200,5
18822,40,4,1,20200,7
18823,64,3,2,20232,5
18826,40,3,2,20250,5
18830,46,4,1,20256,6
18839,37,3,1,20323,5
18852,60,6,1,20375,5
18908,28,1,2,20384,5
18936,32,3,1,20390,5
18966,47,3,1,20405,5
18979,64,3,2,20421,5
18986,47,4,1,20446,5
19004,51,4,1,20500,5
19041,30,5,2,20500,5
19070,40,1,2,20520,5
19101,57,1,1,20646,7
19103,38,4,2,20657,5
19104,50,6,1,20671,5
19114,48,3,2,20676,5
19130,39,4,2,20720,5
19134,43,3,2,20736,5
19232,63,4,2,20754,5
19245,25,5,1,20800,5
19287,27,3,1,20800,5
19308,59,1,1,20800,5
19315,46,3,2,20800,5
19345,39,5,1,20832,5
19363,38,5,1,20900,7
19403,54,3,2,21000,5
19427,42,3,2,21000,5
19431,48,2,2,21000,5
19442,53,2,1,21000,5
19455,57,3,2,21000,6
19458,40,3,2,21000,5
19545,29,5,2,21000,5
19547,29,3,1,21000,5
19564,51,3,1,21000,5
19589,52,3,2,21000,5
19620,35,4,2,21000,5
19645,35,5,2,21000,5
19673,29,5,2,21000,6
19745,27,5,1,21000,6
19760,36,5,2,21001,6
19780,45,5,2,21002,5
19785,49,3,2,21010,5
19786,29,5,1,21015,5
19793,41,2,1,21015,6
19832,46,4,2,21026,6
19857,58,4,2,21043,6
19876,28,3,1,21050,5
19890,47,3,2,21050,5
19987,53,3,2,21050,5
20058,26,4,2,21100,5
20150,49,3,2,21138,5
20176,41,5,2,21175,7
20235,42,3,1,21209,5
20263,51,4,2,21267,5
20280,34,4,2,21372,5
20292,49,1,2,21373,5
20304,38,4,2,21408,5
20316,55,4,2,21416,5
20327,34,2,2,21464,5
20330,47,4,1,21500,5
20343,41,3,1,21500,5
20361,25,3,2,21500,5
20392,32,4,2,21525,5
20430,41,3,2,21533,5
20453,39,3,1,21546,5
20457,50,3,1,21600,5
20470,38,4,2,21613,5
20494,61,3,2,21632,5
20534,35,3,1,21650,5
20536,27,3,2,21684,5
20540,31,3,1,21732,6
20590,26,4,1,21738,5
20591,62,3,2,21821,5
20658,39,3,2,21840,5
20663,43,3,1,22000,7
20666,34,3,2,22000,5
20674,30,3,1,22000,5
20677,30,3,2,22000,6
20706,39,5,1,22000,7
20712,28,6,1,22000,5
20731,46,1,1,22000,5
20751,31,1,1,22000,5
20753,31,5,1,22000,5
20762,27,4,2,22000,5
20795,61,3,1,22000,5
20807,33,4,1,22000,5
20814,39,3,1,22000,5
20848,45,3,1,22000,5
20869,51,4,2,22000,6
20871,26,3,2,22000,5
20903,60,3,1,22005,5
20920,34,5,2,22009,6
20962,29,4,2,22010,5
20976,38,4,1,22020,5
21035,35,3,1,22023,5
21043,37,2,2,22025,5
21101,34,4,2,22035,5
21115,42,6,2,22040,6
21122,46,3,1,22051,5
21138,36,4,1,22065,5
21189,65,4,1,22070,5
21208,42,3,1,22080,5
21219,28,4,2,22100,5
21249,46,3,1,22119,6
21252,40,3,1,22200,5
21278,32,3,2,22200,5
21281,30,3,2,22208,5
21296,58,4,2,22225,5
21306,37,3,2,22332,5
21324,59,5,2,22341,5
21351,44,3,2,22342,5
21358,45,1,1,22360,5
21392,45,2,2,22400,5
21400,48,5,2,22422,6
21407,48,3,2,22448,5
21411,26,5,1,22500,5
21414,48,4,2,22500,7
21417,52,3,2,22528,5
21426,48,4,2,22556,5
21483,58,1,2,22600,6
21506,34,3,2,22632,5
21531,38,3,2,22794,6
21542,48,4,2,22800,5
21543,57,4,2,22925,5
21554,26,2,1,22980,5
21566,52,4,2,23000,5
21574,30,4,2,23000,7
21600,31,4,2,23000,5
21621,25,4,2,23000,5
21653,28,3,2,23000,5
21678,47,3,2,23000,5
21679,47,3,1,23000,6
21687,28,4,2,23000,5
21713,38,4,2,23000,6
21756,27,3,1,23000,5
21766,51,2,2,23008,5
21785,34,3,1,23010,5
21792,29,3,2,23010,5
21813,40,4,2,23019,5
21815,50,2,2,23020,5
21816,36,2,1,23024,7
21819,28,5,2,23025,6
21826,47,3,1,23040,6
21853,39,3,1,23056,5
21874,28,5,2,23075,5
21875,27,6,2,23080,5
21883,47,3,2,23081,5
21895,57,5,2,23100,5
21898,32,2,1,23105,5
21909,27,5,1,23115,5
21921,26,3,2,23129,5
22017,43,5,1,23157,5
22031,52,3,2,23169,5
22063,49,4,2,23173,5
22105,46,2,2,23200,5
22120,36,5,1,23252,5
22123,25,3,1,23300,5
22156,60,4,1,23342,5
22169,42,2,1,23400,5
22181,38,1,1,23400,5
22186,25,3,2,23460,5
22236,26,3,1,23495,5
22253,33,3,1,23549,5
22267,63,3,2,23571,6
22305,65,4,2,23575,6
22307,46,5,2,23608,5
22311,35,1,1,23633,5
22314,40,4,2,23666,5
22348,53,4,1,23711,6
22352,54,3,2,23718,6
22371,39,3,2,23734,5
22389,36,4,2,23760,5
22465,63,2,1,23793,5
22514,50,2,2,23942,5
22518,52,4,2,23946,5
22533,49,1,1,24000,5
22599,36,4,2,24000,5
22645,53,3,2,24000,5
22692,41,4,1,24000,5
22698,42,5,2,24000,6
22704,31,4,2,24000,5
22727,33,4,2,24000,6
22729,29,4,2,24000,5
22746,39,3,2,24000,5
22749,30,3,1,24000,6
22772,39,4,2,24000,6
22780,39,3,1,24000,5
22791,58,3,2,24000,5
22798,35,1,1,24000,5
22835,36,3,1,24000,5
22879,40,2,1,24000,5
22922,39,3,1,24000,5
22942,25,4,2,24000,5
22943,34,2,1,24000,5
22949,31,5,2,24001,5
22954,35,1,1,24011,5
22999,29,4,2,24015,5
23055,26,3,1,24025,5
23056,46,3,1,24025,7
23096,53,4,2,24030,5
23111,30,3,1,24030,5
23142,25,4,1,24040,5
23167,46,4,2,24042,5
23179,28,4,2,24050,5
23198,46,3,2,24050,5
23222,37,3,1,24050,5
23225,31,4,2,24060,5
23235,45,3,2,24183,5
23269,30,3,1,24200,6
23289,27,3,1,24231,5
23314,46,3,1,24244,7
23334,26,4,1,24250,5
23351,47,4,2,24391,5
23358,42,3,2,24400,6
23385,54,3,2,24424,5
23403,46,3,2,24458,6
23439,49,4,2,24500,6
23465,53,3,2,24500,5
23474,61,3,2,24500,5
23488,34,3,1,24500,5
23497,46,4,2,24560,5
23500,33,4,1,24560,5
23522,42,3,2,24601,5
23533,39,1,1,24624,5
23545,42,3,2,24646,6
23556,52,4,2,24658,5
23596,39,3,1,24713,5
23608,63,3,2,24720,5
23631,29,4,2,24754,5
23643,38,3,2,24785,5
23649,29,1,1,24800,5
23654,36,4,2,24823,5
23663,57,3,2,24840,5
23664,58,3,2,24841,5
23665,33,4,2,24850,5
23693,55,4,2,24878,5
23696,48,5,2,24935,7
23775,25,5,2,24960,5
23778,47,5,1,25000,7
23808,61,2,1,25000,5
23818,36,5,2,25000,5
23859,57,4,1,25000,5
23866,36,3,1,25000,5
23896,61,2,1,25000,5
23958,51,3,2,25000,6
23962,47,3,1,25000,5
23974,58,4,1,25000,5
23992,51,4,2,25000,5
24013,38,3,1,25000,5
24021,44,4,2,25000,6
24034,49,5,1,25000,7
24049,33,5,2,25000,5
24055,26,4,1,25000,5
24061,25,4,2,25000,5
24065,44,3,2,25000,5
24079,36,3,1,25000,5
24127,32,5,1,25000,5
24133,38,5,2,25000,5
24148,25,4,1,25000,5
24183,47,4,2,25000,5
24184,56,6,1,25000,5
24212,28,4,1,25000,5
24220,33,5,2,25000,5
24225,48,3,1,25000,5
24228,41,3,1,25000,5
24239,38,2,1,25000,5
24257,60,3,2,25000,5
24272,60,3,1,25000,5
24283,56,3,1,25000,5
24284,38,1,1,25000,5
24341,29,3,1,25000,6
24379,43,3,1,25000,7
24395,59,3,2,25000,6
24414,47,4,1,25001,6
24445,27,4,1,25010,5
24452,28,4,1,25012,5
24456,33,5,2,25012,5
24481,40,3,1,25014,6
24502,37,4,2,25015,5
24558,38,3,1,25016,5
24562,54,3,2,25025,5
24582,29,3,2,25025,5
24585,33,3,1,25025,5
24589,31,5,2,25026,5
24595,34,5,2,25050,7
24601,46,4,2,25050,5
24611,34,3,2,25050,5
24618,35,3,1,25057,5
24627,39,5,1,25060,6
24630,25,4,1,25083,5
24631,44,2,1,25100,6
24646,48,3,1,25115,6
24659,50,3,2,25147,5
24663,35,3,1,25170,5
24731,62,3,2,25203,5
24781,47,4,1,25205,5
24796,43,3,2,25211,5
24797,40,4,1,25251,6
24850,59,4,2,25260,5
24876,64,5,1,25274,5
24886,33,4,2,25300,5
24934,45,2,2,25384,5
24943,35,5,1,25400,5
24954,38,5,2,25404,7
24986,41,3,2,25404,5
24988,62,4,2,25420,5
25051,40,3,2,25440,5
25073,38,3,1,25500,5
25085,31,5,1,25500,5
25092,29,5,1,25500,5
25126,29,5,2,25550,6
25143,27,4,2,25600,6
25147,26,5,2,25610,6
25159,47,3,2,25651,5
25175,46,3,2,25700,5
25215,51,3,1,25719,5
25222,43,5,2,25800,6
25223,40,4,1,25800,5
25228,38,4,2,25838,5
25231,26,3,1,25840,6
25244,50,4,2,25863,5
25273,33,5,1,25880,5
25284,63,3,1,25900,5
25289,29,3,1,25900,5
25297,47,4,1,25990,5
25327,39,5,2,26000,6
25334,36,3,1,26000,7
25337,54,3,2,26000,5
25349,33,3,2,26000,5
25387,29,2,1,26000,5
25405,46,4,2,26000,6
25437,59,3,2,26000,5
25441,41,3,1,26000,5
25444,39,5,2,26000,5
25483,33,5,2,26000,5
25487,34,1,2,26000,5
25493,40,3,1,26000,5
25504,41,2,1,26000,5
25520,32,3,1,26000,5
25571,51,4,2,26000,5
25654,38,4,2,26000,5
25670,35,1,1,26000,5
25678,41,3,2,26000,6
25689,36,3,2,26000,5
25690,40,4,1,26003,6
25738,55,4,1,26007,6
25757,45,5,2,26008,5
25775,28,3,1,26012,5
25779,33,1,1,26020,5
25807,43,4,2,26020,5
25813,30,4,1,26025,5
25836,36,3,2,26028,5
25879,42,3,1,26035,6
25896,40,3,1,26035,5
25932,46,4,2,26050,5
25981,53,4,2,26060,5
26006,25,1,1,26060,5
26007,29,5,2,26065,5
26018,45,4,2,26081,6
26025,47,5,2,26091,6
26026,40,4,2,26101,7
26032,50,4,1,26111,5
26037,32,5,2,26120,6
26047,49,4,1,26150,5
26065,35,4,2,26162,7
26089,40,2,2,26200,5
26109,29,5,2,26250,5
26161,31,5,1,26301,5
26164,58,3,2,26308,5
26189,29,4,2,26410,5
26203,53,5,2,26433,5
26221,37,4,2,26576,5
26253,37,3,2,26581,5
26258,40,3,2,26600,6
26271,38,6,2,26750,5
26274,27,4,1,26800,5
26289,42,4,2,26808,5
26298,30,4,1,26900,5
26299,36,3,1,26930,5
26306,27,6,2,26937,6
26319,30,5,1,26945,5
26346,32,3,2,26960,7
26347,28,4,1,27000,5
26371,32,5,1,27000,5
26405,47,6,1,27000,5
26459,43,3,2,27000,5
26483,27,3,2,27000,5
26494,40,5,1,27000,5
26497,38,3,2,27000,5
26540,49,5,2,27000,6
26559,32,3,1,27000,6
26585,28,3,1,27000,6
26603,30,2,1,27000,5
26619,45,5,2,27000,6
26651,37,4,2,27005,5
26705,38,3,2,27007,5
26706,48,3,1,27010,6
26714,48,5,2,27040,5
26715,36,4,2,27058,5
26778,56,4,2,27065,5
26787,47,4,2,27071,6
26795,33,3,1,27115,6
26800,29,4,1,27150,5
26802,33,3,2,27169,5
26807,56,3,2,27188,5
26813,27,3,1,27200,5
26822,27,4,1,27200,5
26828,54,5,2,27200,7
26839,26,4,1,27200,5
26871,25,3,1,27300,5
26887,47,3,1,27300,5
26891,55,5,2,27326,5
26909,28,4,2,27400,5
26918,38,4,2,27400,5
26920,47,3,2,27500,5
26958,25,3,1,27500,5
26969,60,5,2,27506,6
26978,64,3,2,27506,5
26994,53,5,1,27532,5
26995,44,4,2,27554,5
27048,49,3,1,27600,6
27098,44,5,1,27619,7
27103,59,5,1,27628,5
27133,60,4,2,27660,6
27150,27,5,1,27700,5
27166,37,4,1,27828,5
27195,45,4,1,27829,5
27198,36,4,1,27829,5
27225,58,3,2,27840,5
27231,42,4,2,27942,5
27262,51,5,2,27980,6
27268,35,1,1,28000,5
27308,34,5,1,28000,5
27325,43,4,1,28000,5
27354,49,3,2,28000,5
27363,45,3,1,28000,6
27373,31,3,2,28000,5
27433,48,3,1,28000,5
27434,40,3,1,28000,5
27445,32,4,1,28000,6
27469,37,3,1,28000,5
27476,53,6,1,28000,5
27477,27,4,1,28000,5
27493,39,4,1,28000,5
27509,27,2,1,28000,5
27522,51,2,1,28000,5
27531,28,3,1,28003,5
27544,42,4,2,28003,5
27580,56,4,2,28011,5
27585,36,5,1,28011,5
27602,54,4,2,28011,5
27610,45,3,1,28013,7
27673,33,3,1,28015,5
27684,45,3,1,28026,5
27697,54,2,1,28032,5
27713,28,4,1,28050,6
27723,28,5,2,28075,5
27726,42,4,2,28081,5
27762,43,3,1,28103,5
27823,47,3,1,28103,5
27829,45,3,2,28139,6
27854,55,4,2,28169,5
27862,58,4,2,28200,6
27894,31,6,2,28220,5
27915,40,3,1,28220,6
27920,45,4,2,28230,5
27926,36,6,1,28300,5
27958,49,3,2,28300,5
27973,44,3,2,28350,5
27979,30,5,2,28400,6
27986,39,3,2,28404,5
28028,43,5,2,28406,6
28111,58,3,2,28450,5
28147,50,1,2,28575,7
28155,60,6,2,28700,5
28169,48,4,1,28700,5
28174,55,3,1,28800,5
28178,43,3,1,28800,5
28182,38,2,2,28800,5
28194,48,6,1,28825,7
28211,52,2,1,28841,5
28244,40,3,1,28900,5
28310,39,3,2,28915,5
28311,64,4,2,28925,6
28313,32,4,1,29000,5
28314,38,3,2,29000,6
28356,26,4,2,29000,5
28359,51,2,2,29000,6
28395,64,5,1,29000,7
28416,40,3,2,29000,5
28532,47,3,1,29000,6
28535,51,3,1,29000,5
28568,27,3,2,29000,5
28570,41,3,1,29014,5
28578,32,4,1,29030,5
28590,46,3,2,29038,5
28605,39,4,1,29060,6
28620,36,3,1,29173,5
28623,47,3,2,29175,5
28632,53,4,2,29177,5
28678,41,3,1,29200,7
28687,44,6,2,29200,6
28707,25,4,2,29235,5
28759,28,5,2,29250,6
28765,46,1,1,29250,5
28766,61,3,1,29307,5
28780,25,5,1,29328,5
28794,33,3,2,29338,5
28804,28,6,2,29350,5
28826,49,3,2,29364,5
28843,63,4,2,29400,6
28845,48,3,1,29435,6
28858,47,4,2,29462,5
28869,51,5,2,29466,5
28884,47,2,1,29476,5
28894,45,5,2,29477,6
28917,35,5,1,29482,5
28922,36,4,1,29500,5
28940,32,4,1,29500,5
28944,39,4,2,29523,5
28959,47,4,1,29567,7
28961,32,5,2,29600,5
28967,57,4,2,29690,5
28969,50,2,2,29712,5
28970,41,4,1,29853,5
28975,62,2,2,29865,5
28986,34,3,1,30000,6
29011,57,3,2,30000,5
29015,47,3,1,30000,5
29041,37,4,1,30000,7
29044,56,5,2,30000,6
29063,37,1,1,30000,5
29073,33,4,2,30000,5
29081,26,4,2,30000,5
29085,52,4,1,30000,5
29089,30,3,1,30000,5
29112,36,3,1,30000,5
29137,27,4,1,30000,6
29152,52,3,2,30000,5
29169,34,3,1,30000,5
29199,60,3,2,30000,5
29206,31,6,1,30000,5
29228,54,5,2,30000,6
29237,57,2,2,30000,6
29238,29,4,2,30000,5
29240,43,4,1,30000,7
29266,29,4,2,30000,5
29276,55,3,2,30000,5
29306,46,3,2,30000,5
29413,53,3,1,30000,5
29437,50,5,1,30000,7
29465,31,4,1,30000,5
29484,36,4,1,30000,5
29490,41,3,1,30000,5
29492,35,3,1,30000,5
29501,33,4,1,30000,5
29508,48,3,1,30000,5
29530,60,3,1,30000,5
29571,45,5,2,30000,5
29574,57,5,1,30000,7
29578,29,3,1,30000,5
29591,27,4,2,30000,5
29597,29,3,1,30001,5
29604,35,3,1,30001,7
29630,34,4,1,30005,6
29634,47,5,1,30006,7
29640,34,4,2,30008,5
29642,34,3,1,30010,5
29673,28,3,1,30010,5
29691,25,4,1,30010,5
29764,58,4,1,30012,6
29781,36,2,1,30015,7
29783,62,5,1,30016,6
29805,32,4,2,30016,5
29812,38,3,1,30019,5
29815,38,3,1,30022,6
29816,50,5,1,30022,5
29863,30,3,1,30025,5
29865,50,3,1,30025,5
29876,65,3,1,30030,5
29894,33,3,1,30040,5
29924,49,4,1,30041,5
29932,37,3,2,30045,5
29941,56,4,2,30050,5
29968,47,3,1,30050,5
29978,31,5,2,30050,7
30044,32,4,2,30050,5
30052,55,3,1,30085,6
30058,43,3,1,30099,5
30071,47,6,2,30100,6
30075,42,5,1,30100,7
30108,46,6,1,30100,5
30118,44,4,2,30100,5
30134,61,4,1,30100,5
30142,44,4,1,30140,5
30146,41,4,2,30140,5
30155,57,4,2,30150,5
30160,28,3,1,30151,5
30171,41,4,2,30153,6
30180,54,4,2,30200,5
30216,34,5,1,30207,5
30225,49,6,2,30212,6
30254,40,3,2,30237,5
30256,26,3,2,30250,5
30281,32,4,2,30250,6
30293,39,3,1,30250,7
30342,25,4,1,30250,7
30354,51,3,2,30253,5
30377,36,3,1,30312,5
30378,56,4,2,30350,5
30388,41,3,2,30404,5
30396,54,3,2,30425,5
30420,31,3,1,30440,5
30421,64,5,2,30466,6
30428,37,5,2,30500,5
30444,29,5,1,30500,5
30446,54,4,1,30500,6
30469,36,3,1,30500,5
30492,26,3,2,30532,5
30495,65,6,1,30551,5
30503,42,5,1,30651,5
30564,37,4,2,30692,5
30640,26,4,1,30740,5
30657,45,4,1,30750,7
30690,26,5,1,30795,5
30714,61,3,1,30843,6
30730,51,3,2,30843,5
30735,51,4,1,30869,5
30744,34,4,2,30880,6
30782,60,3,2,30910,6
30811,31,3,1,31000,6
30818,45,3,2,31000,5
30858,39,6,1,31000,6
30865,50,3,2,31000,5
30869,33,4,2,31000,5
30893,36,3,2,31000,5
30898,34,6,1,31000,7
30922,62,1,1,31000,5
30992,40,4,1,31000,5
31002,32,3,2,31000,5
31012,45,3,2,31000,5
31037,34,6,2,31004,5
31045,37,3,1,31021,5
31093,39,4,1,31027,5
31130,38,3,1,31050,5
31147,48,4,2,31050,5
31148,49,3,2,31061,5
31162,56,3,1,31062,5
31170,42,3,1,31064,5
31174,58,4,2,31114,6
31178,31,3,1,31125,5
31191,36,5,1,31125,6
31200,53,3,2,31180,6
31201,42,3,1,31200,5
31205,28,4,1,31210,5
31206,41,6,2,31215,6
31352,63,4,1,31284,5
31358,29,6,2,31368,5
31364,51,5,2,31433,7
31392,33,5,1,31500,5
31402,50,4,2,31500,5
31403,31,4,2,31500,5
31406,49,3,1,31500,5
31414,26,4,2,31592,5
31420,57,5,1,31664,7
31422,31,2,2,31780,5
31430,42,5,2,31826,5
31458,40,5,2,31882,5
31514,46,3,2,31924,5
31536,55,5,2,31951,5
31537,48,4,1,31970,5
31564,49,3,2,32000,6
31575,33,4,1,32000,5
31586,43,3,2,32000,5
31599,45,3,1,32000,6
31623,41,4,1,32000,5
31666,29,5,2,32000,5
31712,29,3,1,32000,5
31781,39,3,1,32000,5
31801,34,4,1,32000,5
31863,52,3,1,32000,5
31870,55,1,1,32000,5
31877,38,4,1,32002,6
31915,34,4,1,32005,6
31960,26,5,2,32015,5
31985,40,3,2,32016,5
32008,48,4,2,32025,6
32010,52,5,2,32042,5
32091,30,4,1,32044,5
32094,28,5,2,32050,6
32100,55,4,2,32051,6
32157,26,5,1,32060,5
32159,38,3,1,32081,5
32164,27,5,2,32083,5
32171,45,3,1,32106,7
32187,43,3,2,32138,6
32189,30,4,1,32143,5
32191,40,4,2,32168,5
32238,44,6,2,32173,6
32259,42,4,2,32179,6
32267,30,3,2,32200,5
32272,61,6,2,32223,5
32294,36,5,2,32299,6
32312,52,3,2,32379,5
32336,37,4,1,32400,7
32408,52,1,1,32464,5
32420,45,4,2,32481,6
32423,44,3,2,32485,7
32454,53,3,2,32500,5
32465,51,3,2,32507,6
32472,41,3,1,32510,5
32476,46,5,2,32538,5
32479,36,3,1,32555,5
32485,50,4,2,32567,5
32516,35,5,2,32600,5
32547,30,3,1,32640,5
32576,40,4,2,32666,5
32578,31,3,2,32711,5
32585,52,5,2,32721,6
32607,56,3,1,32760,5
32613,30,3,2,32800,5
32619,41,3,1,32808,5
32627,29,4,2,32816,5
32663,34,5,1,32880,5
32676,55,5,1,32959,7
32685,25,5,1,33000,6
32705,38,3,2,33000,5
32730,37,6,1,33000,6
32753,27,6,1,33000,6
32762,51,3,1,33000,5
32780,28,5,1,33000,6
32809,33,5,2,33000,6
32813,31,5,1,33000,5
32855,46,4,2,33000,5
32856,31,3,1,33000,5
32875,33,3,1,33002,5
32881,55,3,1,33050,5
32924,28,5,2,33050,6
32967,65,4,1,33070,6
32978,35,4,1,33083,6
32987,40,4,1,33115,6
32993,43,3,2,33131,5
32999,60,4,2,33175,5
33047,53,4,1,33200,7
33085,47,6,1,33205,5
33117,36,4,1,33235,6
33172,54,6,2,33253,6
33223,27,5,2,33272,5
33229,52,3,2,33345,5
33233,53,3,1,33360,6
33237,26,5,2,33400,5
33242,51,3,2,33400,5
33258,59,4,2,33480,5
33260,43,5,1,33600,5
33294,52,6,1,33650,6
33295,53,5,2,33717,5
33308,47,4,2,33775,5
33326,34,5,2,33865,6
33336,49,4,1,33909,5
33339,33,4,1,33925,5
33344,29,6,2,34000,5
33417,56,4,2,34000,5
33425,50,4,2,34000,6
33485,29,5,2,34000,5
33493,55,4,1,34000,5
33498,40,4,1,34000,5
33513,30,3,1,34000,5
33515,35,4,1,34000,6
33544,31,3,1,34000,5
33568,62,6,2,34000,6
33570,34,4,2,34001,5
33598,32,4,1,34004,5
33606,30,5,2,34004,6
33680,36,4,2,34005,5
33684,40,4,2,34010,5
33689,26,5,2,34010,5
33714,49,4,2,34021,6
33727,34,4,2,34030,6
33734,56,4,1,34036,5
33746,29,5,2,34175,5
33752,49,3,1,34269,5
33755,41,3,2,34276,5
33759,54,3,1,34320,5
33818,38,4,2,34646,5
33838,41,3,1,34666,5
33883,27,4,2,34750,5
33906,34,5,1,34800,5
33911,51,4,1,34843,5
33914,63,4,2,34900,5
33942,45,3,1,34908,5
33985,47,3,2,34924,5
34029,38,3,1,35000,5
34061,41,4,1,35000,5
34072,41,5,2,35000,5
34083,51,3,1,35000,7
34112,53,5,2,35000,5
34126,36,2,1,35000,7
34136,44,3,1,35000,7
34142,55,2,1,35000,5
34215,38,4,1,35000,6
34262,55,4,1,35000,5
34266,26,4,2,35000,5
34291,30,4,1,35000,6
34299,43,2,1,35000,5
34302,27,3,1,35000,7
34305,46,4,1,35000,5
34331,27,4,1,35000,5
34342,41,5,1,35000,5
34348,28,4,1,35000,5
34359,44,3,2,35000,5
34364,42,4,2,35000,7
34394,35,4,1,35000,6
34402,55,2,1,35000,6
34403,53,4,2,35000,6
34430,43,3,1,35000,5
34476,52,4,2,35000,5
34510,62,2,2,35000,7
34527,29,3,2,35000,5
34546,34,3,1,35000,7
34556,62,2,1,35000,5
34620,27,3,1,35006,5
34632,44,3,1,35020,7
34643,29,4,1,35020,6
34649,33,5,1,35025,5
34663,30,4,2,35045,5
34664,52,3,1,35050,5
34665,43,3,1,35050,5
34670,38,4,1,35054,7
34693,45,4,2,35100,5
34702,54,4,2,35100,6
34703,59,4,2,35100,5
34713,28,4,1,35100,5
34719,38,3,1,35100,5
34760,29,5,1,35105,5
34789,39,5,2,35125,7
34814,47,3,2,35130,5
34831,43,5,1,35200,7
34850,48,4,2,35200,7
34860,50,5,2,35200,6
34873,32,4,1,35225,5
34986,39,3,2,35250,5
34990,54,4,2,35283,6
35006,28,4,1,35300,5
35023,65,5,1,35325,5
35045,26,5,1,35350,7
35059,52,3,1,35391,5
35062,51,6,2,35500,5
35083,32,3,2,35500,5
35086,56,6,2,35550,6
35093,42,6,2,35569,5
35103,32,6,2,35600,5
35132,29,6,1,35695,5
35153,46,6,1,35710,5
35161,42,4,2,35750,5
35164,38,3,2,35762,5
35173,53,1,1,35800,5
35178,27,4,1,36000,6
35182,29,5,2,36000,5
35187,25,3,1,36000,5
35257,42,4,1,36000,5
35274,39,3,1,36000,5
35294,36,6,2,36000,6
35313,50,3,1,36000,5
35352,29,4,2,36000,5
35366,51,3,1,36000,7
35388,29,3,1,36001,5
35389,40,3,2,36007,5
35406,28,4,1,36010,5
35457,29,5,2,36025,5
35465,55,3,2,36042,5
35473,52,4,1,36084,7
35572,52,3,1,36142,5
35599,45,5,1,36143,5
35614,35,3,1,36150,6
35623,41,3,2,36160,5
35627,44,4,1,36200,5
35642,41,3,1,36201,5
35643,28,6,2,36300,6
35644,37,5,1,36334,5
35680,51,4,1,36337,5
35686,37,4,1,36363,5
35734,57,4,2,36400,7
35772,58,3,1,36417,5
35781,60,4,2,36436,6
35802,27,5,1,36450,6
35817,42,5,1,36492,5
35841,36,4,1,36535,5
35849,45,5,1,36622,5
35857,36,3,2,36700,6
35873,41,3,1,36770,5
35880,53,6,2,36773,6
35886,47,6,1,36815,5
35913,35,4,1,36886,5
35926,48,4,2,36976,5
35987,62,3,1,36980,5
35990,32,4,2,37000,5
35993,30,4,1,37000,5
35994,38,2,1,37000,5
36007,58,3,1,37000,5
36013,30,5,2,37000,5
36014,48,5,2,37000,6
36037,27,5,2,37005,5
36050,28,4,1,37005,5
36080,28,3,1,37005,5
36100,46,5,1,37010,6
36132,39,2,1,37032,5
36143,42,3,1,37050,5
36212,47,4,1,37075,5
36224,33,6,2,37081,5
36229,31,5,1,37100,5
36238,50,4,1,37192,6
36244,40,4,1,37200,5
36248,25,5,1,37283,5
36298,30,3,1,37360,5
36302,44,5,2,37400,5
36358,26,5,2,37440,5
36363,45,3,2,37475,5
36436,57,4,2,37490,5
36439,63,3,2,37498,5
36452,51,4,1,37500,5
36492,59,4,2,37500,5
36515,49,5,1,37500,5
36527,39,5,2,37500,5
36532,44,4,2,37519,5
36548,25,3,2,37520,5
36570,41,5,1,37525,6
36592,33,4,2,37526,5
36602,54,5,2,37528,6
36628,63,3,1,37626,5
36649,58,4,2,37700,5
36667,39,4,2,37700,5
36681,58,3,1,37885,5
36695,47,3,1,37891,5
36696,44,5,1,38000,5
36699,39,4,1,38000,5
36729,41,4,1,38000,5
36764,35,4,2,38000,5
36774,47,3,1,38000,6
36779,42,4,2,38000,5
36789,33,3,1,38000,5
36802,48,4,2,38000,5
36807,59,1,1,38000,5
36817,31,2,1,38008,5
36869,27,5,2,38050,5
36891,45,5,1,38050,7
36990,46,5,1,38070,5
36994,36,5,1,38070,5
37007,45,4,2,38084,6
37027,46,6,2,38162,6
37052,46,3,1,38167,5
37070,31,4,1,38200,5
37100,49,4,1,38202,6
37121,57,3,1,38228,5
37147,49,4,2,38240,5
37158,44,5,2,38269,6
37171,34,4,2,38325,5
37200,44,4,2,38331,5
37216,47,4,1,38350,6
37225,36,3,2,38350,5
37255,52,6,2,38377,6
37268,47,6,2,38472,6
37270,34,5,1,38480,5
37276,40,4,1,38531,5
37278,36,4,2,38550,5
37282,42,4,2,38551,5
37327,38,4,2,38600,6
37328,55,3,1,38700,6
37332,32,5,1,38700,5
37339,42,6,1,38748,5
37357,49,6,1,38750,5
37406,34,3,1,38764,6
37416,59,4,1,38799,5
37426,51,4,2,38804,6
37450,42,4,1,38930,5
37502,42,4,1,38976,5
37514,27,4,1,39000,7
37523,44,3,1,39000,5
37548,40,2,1,39000,5
37576,30,5,2,39000,6
37582,41,3,2,39000,5
37615,43,3,1,39080,5
37630,36,5,1,39090,6
37638,40,4,2,39120,6
37640,29,3,2,39122,5
37650,40,3,1,39213,5
37654,39,4,2,39304,5
37675,31,4,1,39354,6
37676,41,3,1,39360,6
37687,37,5,1,39404,6
37690,34,5,1,39420,5
37693,45,3,1,39500,5
37723,35,4,1,39500,7
37726,35,4,1,39509,5
37742,53,5,1,39520,5
37747,29,3,2,39525,5
37748,63,4,1,39549,5
37764,31,4,1,39600,7
37767,50,4,2,39680,5
37772,35,3,2,39733,5
37791,48,3,1,39738,5
37824,29,4,2,39783,5
37847,50,5,2,39820,6
37866,39,4,2,39908,5
37878,34,4,2,40000,7
37881,56,2,1,40000,5
37891,43,4,1,40000,5
37900,44,3,1,40000,5
37902,49,4,1,40000,7
37905,35,4,1,40000,6
37950,50,6,2,40000,6
37961,31,5,2,40000,5
37978,38,4,2,40000,6
37980,28,3,2,40000,5
37986,37,4,1,40000,6
37992,38,4,1,40000,5
37994,44,6,2,40000,5
38021,30,3,1,40000,5
38051,42,4,2,40000,5
38069,27,3,1,40000,7
38077,65,3,1,40000,7
38079,43,3,1,40000,5
38086,55,4,1,40000,7
38132,34,5,2,40000,5
38147,41,3,1,40000,5
38157,61,4,2,40000,7
38171,33,5,1,40000,5
38172,31,3,1,40005,5
38185,61,2,1,40012,7
38201,31,4,1,40012,6
38222,39,4,2,40013,6
38229,58,5,1,40017,6
38235,38,5,2,40019,5
38241,33,6,1,40020,7
38248,42,5,2,40025,6
38253,49,6,2,40033,6
38254,32,3,2,40047,6
38258,47,3,1,40048,5
38284,49,4,1,40050,7
38285,26,6,2,40050,5
38363,39,3,1,40050,5
38370,54,3,1,40050,5
38378,50,5,2,40052,5
38403,65,3,2,40055,6
38410,30,4,1,40058,5
38413,28,3,1,40058,5
38419,41,3,1,40065,5
38440,42,3,1,40081,5
38448,33,5,2,40081,5
38453,45,5,1,40086,5
38479,32,5,2,40100,5
38481,65,4,2,40100,6
38507,56,6,2,40101,5
38530,56,4,1,40128,5
38568,58,6,1,40160,5
38580,53,3,1,40169,5
38598,33,5,1,40200,5
38618,27,6,2,40200,6
38690,49,3,1,40206,5
38691,51,5,1,40211,5
38693,39,3,1,40212,5
38709,36,6,1,40242,5
38714,50,3,1,40250,5
38718,44,3,2,40253,5
38721,46,4,2,40300,6
38725,60,4,2,40304,5
38729,48,3,1,40332,5
38741,51,6,1,40342,6
38778,48,3,2,40350,6
38783,43,3,1,40371,7
38874,45,3,2,40454,6
38890,50,6,2,40500,5
38920,65,4,1,40521,5
39031,37,5,1,40550,7
39034,31,4,2,40565,5
39038,58,3,2,40606,5
39042,48,4,1,40650,7
39048,36,5,1,40700,6
39061,44,5,2,40716,5
39072,44,5,2,40750,6
39073,33,5,2,40905,7
39105,45,4,1,40919,5
39157,28,3,2,41000,5
39188,43,3,1,41005,6
39192,34,6,2,41020,5
39220,45,5,2,41025,5
39242,26,5,1,41055,5
39249,29,5,1,41058,5
39280,30,3,1,41075,5
39303,44,3,2,41081,5
39374,52,3,2,41167,5
39442,51,4,2,41253,6
39448,64,3,1,41277,5
39451,41,3,1,41300,5
39454,26,5,1,41400,6
39460,28,4,1,41475,5
39468,53,4,1,41500,5
39470,33,6,1,41500,5
39479,63,4,1,41500,5
39502,46,3,2,41517,5
39526,61,3,1,41600,5
39528,60,6,1,41602,6
39536,41,4,2,41621,7
39553,36,5,1,41750,6
39582,51,3,1,41785,6
39599,64,5,1,41800,5
39606,49,3,1,41865,5
39609,36,3,2,41869,6
39610,45,4,2,41925,5
39637,38,4,2,41962,6
39668,30,4,1,42000,5
39671,44,4,1,42000,5
39679,47,3,1,42000,5
39699,39,6,1,42000,5
39713,42,5,2,42000,6
39724,32,4,1,42000,7
39788,40,3,1,42000,5
39790,27,4,1,42000,5
39816,36,3,1,42000,6
39843,41,3,1,42000,5
39859,42,3,1,42000,5
39862,57,4,1,42009,5
39916,49,3,2,42014,5
39917,34,3,1,42016,5
39954,44,4,1,42020,6
39980,43,4,1,42023,5
39981,43,6,2,42038,5
39996,49,3,1,42040,7
39997,47,4,2,42050,5
40013,39,4,1,42052,5
40019,54,6,1,42075,6
40040,53,3,1,42084,6
40061,33,4,1,42100,6
40064,50,5,2,42132,6
40083,50,3,2,42169,5
40167,63,2,1,42172,7
40194,45,6,2,42211,6
40220,53,4,1,42269,5
40231,52,5,2,42288,6
40235,57,1,2,42349,5
40241,58,4,2,42354,5
40258,50,6,2,42392,6
40271,31,3,1,42407,5
40282,45,3,2,42480,5
40312,50,5,2,42489,5
40313,29,4,1,42600,6
40335,37,4,2,42620,5
40349,41,5,1,42621,6
40400,53,6,2,42684,5
40455,52,4,1,42774,5
40494,38,4,1,42833,5
40501,42,6,2,43000,5
40523,33,6,1,43000,5
40532,52,3,1,43000,5
40549,52,3,1,43000,5
40575,49,5,2,43007,5
40607,30,3,1,43011,5
40611,47,3,1,43016,6
40624,27,3,1,43050,5
40651,42,5,1,43081,5
40679,35,4,2,43096,6
40690,60,4,2,43115,5
40700,64,3,2,43169,5
40709,47,5,1,43200,6
40743,44,4,2,43400,5
40746,54,5,1,43416,5
40774,45,3,1,43442,5
40792,44,4,2,43448,5
40795,49,4,2,43500,6
40803,45,6,2,43731,5
40806,55,4,1,43760,7
40807,60,3,1,43763,7
40843,51,4,2,43800,5
40853,41,4,1,44000,5
40871,28,5,2,44003,5
40892,50,4,1,44041,6
40901,32,4,2,44080,5
40931,50,5,2,44174,5
40943,41,6,2,44200,6
40952,51,6,1,44200,6
40984,59,4,2,44213,5
41004,52,5,1,44254,5
41035,26,5,2,44350,5
41081,43,4,2,44354,5
41098,32,3,1,44490,5
41126,28,4,1,44584,5
41178,40,4,2,44694,5
41185,63,5,2,44697,6
41249,44,4,2,44760,5
41262,35,6,1,44830,6
41287,34,4,1,44876,6
41291,31,3,2,44885,5
41317,57,2,1,44896,6
41330,36,6,2,44915,5
41376,43,4,1,45000,5
41381,33,3,1,45000,5
41406,39,3,1,45000,5
41417,38,3,2,45000,5
41441,37,4,1,45000,5
41451,39,5,1,45000,5
41454,56,3,1,45000,5
41458,37,5,1,45000,6
41526,50,4,1,45000,5
41529,30,5,1,45000,5
41537,33,3,1,45000,5
41540,50,6,2,45000,6
41544,28,4,1,45000,5
41547,30,4,1,45000,5
41555,58,5,1,45000,5
41566,34,5,1,45000,5
41567,42,3,1,45001,5
41572,36,4,2,45001,5
41593,36,3,1,45003,5
41600,32,4,2,45017,5
41602,47,4,1,45019,7
41603,53,4,2,45029,5
41614,39,3,1,45032,6
41656,42,4,2,45050,5
41661,41,4,1,45050,6
41665,30,4,2,45080,5
41673,42,3,1,45081,5
41713,41,5,1,45081,5
41718,53,5,1,45090,6
41726,52,3,1,45090,5
41735,33,4,1,45101,5
41750,54,4,1,45136,5
41765,32,5,1,45150,5
41771,50,4,2,45168,5
41782,48,4,2,45200,5
41784,58,6,1,45200,6
41815,30,6,2,45210,5
41833,49,5,1,45288,5
41843,45,3,1,45324,5
41865,51,3,1,45450,5
41880,50,3,1,45478,5
41884,28,3,1,45600,5
41921,47,5,2,45621,6
41924,31,4,1,45690,5
41954,57,3,1,45763,5
41994,64,4,1,45902,7
42013,41,5,1,45908,5
42022,53,3,1,46000,6
42062,60,5,1,46000,5
42080,60,3,2,46000,5
42088,44,3,2,46000,5
42091,43,4,1,46013,5
42094,59,3,1,46038,5
42116,32,5,1,46050,6
42117,28,5,1,46050,5
42136,35,4,2,46073,5
42156,37,3,1,46103,5
42174,37,4,1,46163,7
42181,35,6,2,46200,6
42202,57,3,1,46221,7
42255,37,5,2,46400,5
42256,56,4,1,46400,5
42268,62,6,2,46425,6
42278,37,3,2,46500,5
42282,34,5,2,46500,5
42287,50,4,1,46520,6
42311,42,3,1,46612,6
42345,59,3,1,46686,6
42357,34,5,2,46830,5
42371,50,5,2,46885,5
42373,46,4,1,46908,5
42383,47,4,1,46914,5
42404,33,5,2,46945,5
42414,45,4,1,47000,6
42424,44,1,1,47000,5
42438,35,3,1,47000,5
42452,38,5,2,47010,5
42453,36,5,1,47012,5
42471,50,3,1,47100,5
42474,45,6,1,47100,6
42505,28,6,2,47100,6
42512,43,4,1,47400,5
42516,40,4,1,47400,5
42529,31,3,2,47404,5
42578,48,4,1,47425,5
42584,62,6,1,47428,5
42667,44,3,2,47498,5
42697,26,6,1,47500,5
42736,35,3,1,47511,5
42823,51,5,1,47547,6
42891,35,3,1,47618,6
42918,49,5,1,47696,6
42933,60,3,1,47758,7
42948,59,5,2,47778,5
42949,28,5,1,47800,5
42997,60,4,1,47877,6
43012,56,3,1,48000,5
43018,44,3,2,48000,5
43060,38,6,2,48000,6
43112,50,3,1,48000,6
43118,53,1,1,48000,6
43142,31,3,1,48003,5
43178,53,6,2,48030,5
43180,51,5,2,48072,6
43188,43,5,1,48090,5
43195,47,4,1,48100,5
43219,42,3,1,48200,7
43220,39,3,1,48225,5
43234,44,4,2,48250,5
43265,61,3,1,48253,5
43268,36,6,2,48400,5
43280,41,4,1,48450,5
43292,47,5,2,48500,5
43294,53,3,1,48509,5
43312,34,4,1,48556,5
43399,36,3,1,48865,5
43421,55,3,2,48883,5
43431,49,3,2,48900,6
43455,63,4,1,48912,5
43493,48,2,2,49000,7
43547,62,2,1,49000,5
43550,34,4,1,49000,5
43551,49,4,2,49012,5
43560,41,2,1,49032,5
43570,36,3,1,49050,6
43590,59,5,2,49099,5
43598,32,5,2,49100,5
43600,51,5,2,49200,7
43618,43,3,2,49242,5
43668,37,3,1,49399,5
43673,62,2,2,49456,5
43713,62,6,1,49570,5
43743,37,3,1,49650,5
43744,44,4,1,49772,5
43749,41,3,2,49912,5
43753,36,1,1,50000,7
43795,34,1,1,50000,5
43798,41,4,1,50000,5
43815,26,5,1,50000,5
43826,35,3,2,50000,5
43850,45,3,1,50000,6
43861,51,3,1,50000,6
43907,45,4,1,50000,5
43939,26,4,1,50000,5
43967,26,5,2,50000,5
43970,51,5,1,50000,5
43971,56,4,1,50000,7
43986,38,3,1,50000,5
43993,26,5,2,50000,5
44009,55,3,1,50000,5
44010,58,2,1,50000,5
44030,32,2,1,50000,5
44033,46,1,1,50000,5
44045,29,3,1,50000,5
44072,47,4,2,50000,5
44089,33,4,1,50000,5
44106,44,4,1,50000,7
44112,46,2,1,50000,5
44170,34,2,1,50000,7
44181,49,6,1,50000,7
44199,47,5,1,50000,7
44212,47,4,2,50000,5
44219,42,4,1,50000,5
44244,38,4,1,50005,5
44283,28,4,2,50005,5
44285,43,3,1,50010,5
44306,38,4,1,50015,5
44322,50,6,2,50020,6
44324,30,5,2,50025,5
44338,41,4,2,50072,5
44344,47,4,1,50145,5
44399,37,4,1,50162,5
44447,46,3,1,50215,5
44451,49,5,1,50350,7
44457,27,6,1,50351,6
44459,53,4,1,50400,5
44462,26,5,2,50500,5
44495,43,5,1,50500,6
44516,41,3,1,50500,7
44530,28,5,1,50537,5
44542,39,3,1,50575,5
44545,48,5,1,50600,5
44550,56,4,2,50642,5
44579,51,5,1,50713,6
44629,39,5,2,50750,5
44662,52,5,2,50893,5
44677,37,3,1,50900,5
44690,59,3,2,50987,5
44701,27,5,1,51000,5
44703,25,3,2,51000,5
44718,48,5,1,51000,5
44720,39,3,1,51010,5
44732,41,5,1,51050,6
44737,52,6,1,51066,5
44744,55,4,1,51139,6
44807,40,3,1,51194,6
44895,35,5,2,51384,5
44937,26,5,2,51432,5
44960,46,4,2,51501,5
44968,42,4,2,51506,6
44983,26,5,2,51515,5
44984,47,6,2,51530,6
44996,39,5,1,51640,6
45010,27,5,1,51692,5
45013,52,4,2,51721,5
45040,55,4,1,51803,7
45054,32,5,1,51900,6
45103,43,4,2,52000,5
45121,47,5,1,52000,7
45137,35,3,1,52000,5
45144,41,4,2,52000,5
45154,40,3,1,52000,5
45186,57,4,1,52009,5
45193,28,5,1,52025,5
45204,29,6,1,52035,5
45217,29,6,1,52037,5
45236,33,5,1,52037,5
45252,25,6,1,52069,6
45300,48,5,1,52200,7
45313,35,6,2,52203,5
45326,42,4,2,52238,5
45329,54,6,1,52256,7
45351,44,5,1,52300,5
45409,29,5,1,52350,5
45410,25,5,1,52500,6
45451,61,6,2,52697,7
45467,56,3,2,52730,5
45496,52,5,2,52850,5
45512,43,3,2,52864,5
45539,57,3,2,52947,5
45576,36,3,2,52988,5
45583,31,5,2,53000,5
45587,43,3,1,53000,6
45612,39,3,2,53000,5
45626,59,5,2,53001,6
45657,28,5,1,53058,5
45720,41,3,1,53081,7
45729,32,4,1,53100,5
45740,53,6,1,53136,6
45785,46,4,1,53162,6
45803,47,6,2,53230,6
45832,36,4,1,53242,5
45897,42,3,2,53303,5
45901,44,4,1,53450,5
45909,50,3,1,53544,5
45917,44,5,2,53766,5
45925,44,6,2,54000,5
45931,59,1,1,54000,5
45938,57,5,2,54000,6
45946,30,4,1,54050,5
45968,59,2,1,54120,5
45998,30,6,1,54175,5
46009,43,3,1,54200,5
46040,51,4,2,54431,5
46080,40,5,2,54500,5
46085,53,3,2,54500,5
46104,44,5,1,54649,6
46116,54,5,1,54726,7
46168,43,4,2,54988,5
46209,35,4,1,55000,5
46232,33,3,1,55000,5
46238,25,3,1,55000,5
46258,60,3,1,55000,5
46267,42,5,1,55000,5
46315,43,5,1,55000,5
46317,46,3,1,55003,5
46338,49,5,1,55030,6
46367,53,6,2,55115,6
46394,50,5,1,55125,6
46404,52,6,1,55203,7
46407,53,5,1,55300,5
46421,65,3,2,55302,6
46422,29,5,1,55360,7
46424,42,6,1,55401,6
46425,38,5,1,55500,5
46491,46,4,1,55538,5
46496,56,3,2,55590,7
46500,59,3,1,55650,7
46527,56,6,2,55700,6
46531,42,4,1,55760,5
46547,57,4,1,55800,5
46559,54,5,1,55850,6
46567,36,4,2,55865,5
46577,52,6,1,55893,6
46592,43,6,2,55943,6
46609,47,3,1,55999,5
46624,36,3,1,56000,6
46633,42,5,1,56000,5
46650,37,4,1,56005,5
46657,25,4,2,56010,5
46668,60,3,2,56093,5
46683,48,6,2,56150,6
46695,40,4,2,56150,5
46718,48,5,1,56251,5
46758,43,3,1,56294,5
46769,48,3,1,56315,6
46794,33,3,1,56370,5
46805,26,5,2,56442,5
46811,52,5,1,56450,5
46814,47,4,2,56458,6
46826,29,5,1,56600,5
46839,52,6,2,56617,6
46850,31,4,1,56712,5
46866,34,5,1,56742,5
46868,45,5,2,56852,6
46916,26,6,2,57000,5
46932,26,5,1,57000,7
46936,49,3,1,57023,6
46972,40,4,2,57200,5
47027,58,4,1,57250,5
47028,40,3,1,57250,5
47032,47,6,2,57370,6
47038,54,6,2,57500,5
47050,52,4,1,57500,5
47069,31,5,1,57600,5
47072,53,5,1,57617,6
47122,59,5,2,57642,6
47140,33,5,2,57651,5
47167,57,3,2,57685,5
47170,49,4,1,57700,5
47171,35,4,1,57777,5
47190,38,4,1,57942,5
47207,48,5,1,58000,5
47209,48,5,1,58000,6
47211,52,3,1,58015,5
47225,44,5,1,58029,5
47232,31,5,1,58080,5
47269,34,6,2,58190,5
47291,34,5,1,58190,5
47293,29,5,2,58310,5
47324,43,5,1,58323,5
47335,52,5,1,58370,6
47354,35,5,1,58435,5
47382,42,3,1,58473,5
47424,63,5,1,58843,6
47446,47,3,1,58846,5
47452,50,3,1,58893,5
47509,46,4,1,59005,5
47527,57,5,1,59161,6
47559,42,4,2,59200,5
47563,38,4,1,59288,5
47603,54,4,1,59420,5
47609,50,5,1,59450,5
47610,38,4,1,59500,5
47652,32,5,2,59500,6
47655,46,5,2,59544,5
47676,40,5,1,60000,5
47710,59,2,1,60000,5
47736,52,4,1,60000,6
47753,41,4,1,60000,7
47777,47,3,1,60000,5
47802,36,5,1,60000,6
47803,32,4,1,60001,5
47808,31,4,1,60002,5
47829,32,3,1,60050,7
47835,31,6,1,60100,5
47840,40,5,1,60100,5
47844,52,5,1,60135,6
47863,49,4,1,60150,7
47885,39,3,1,60200,5
47900,45,5,1,60200,5
47908,26,6,1,60200,5
48005,47,6,1,60250,5
48046,48,5,1,60288,6
48057,59,5,1,60300,5
48080,50,5,1,60337,5
48091,53,5,1,60421,5
48101,44,3,1,60432,6
48117,51,4,1,60485,5
48139,45,3,1,60685,5
48147,61,4,1,60712,7
48156,42,6,1,60750,7
48170,51,4,1,60750,5
48208,33,5,1,60760,7
48216,43,5,1,60809,5
48225,30,5,1,60865,7
48231,36,4,1,61000,5
48310,46,3,1,61002,5
48317,46,6,1,61009,6
48373,36,3,1,61050,6
48393,36,4,1,61146,5
48415,44,5,1,61212,5
48461,45,5,2,61309,7
48475,40,3,1,61346,7
48483,57,6,2,61385,6
48538,53,4,2,61400,5
48557,49,6,2,61420,6
48561,40,6,2,61475,5
48571,53,5,2,61591,6
48575,48,5,1,61600,6
48617,42,6,2,61642,5
48634,40,5,1,61770,7
48638,59,3,1,61840,5
48658,58,5,2,61874,6
48661,60,4,2,61920,5
48683,40,5,2,62000,5
48702,51,3,1,62023,6
48721,35,4,1,62078,5
48733,47,3,1,62090,5
48741,55,6,2,62151,6
48768,48,5,1,62250,5
48809,62,5,1,62400,5
48822,31,4,1,62465,5
48857,47,5,2,62500,6
48879,50,5,2,62500,6
48881,46,6,1,62600,5
48950,38,6,2,62815,5
49022,40,5,1,62841,5
49026,64,6,1,62921,7
49042,46,3,1,63025,5
49062,44,6,1,63050,5
49101,46,4,1,63058,5
49130,43,6,1,63162,5
49131,38,3,1,63202,7
49156,43,6,2,63274,6
49180,64,6,1,63292,7
49197,60,3,1,63370,5
49215,49,5,2,63601,5
49242,36,6,2,63868,7
49263,43,5,1,64000,5
49277,40,6,1,64100,6
49297,28,5,1,64200,5
49340,41,3,1,64230,5
49350,46,6,2,64271,5
49351,49,4,1,64279,5
49359,48,3,1,64685,6
49361,46,3,1,64799,5
49388,56,6,2,64800,6
49401,45,6,2,64800,6
49407,60,6,1,64989,5
49411,43,6,1,65000,7
49471,33,5,1,65000,5
49476,42,5,1,65000,5
49477,37,6,1,65000,5
49490,51,6,2,65000,6
49519,57,6,1,65000,7
49520,29,5,2,65012,5
49525,32,5,1,65075,5
49531,46,3,1,65100,6
49600,54,3,1,65169,5
49616,28,3,1,65200,5
49657,39,4,1,65250,6
49685,47,6,2,65267,5
49689,40,4,1,65334,6
49692,40,5,1,65450,5
49729,30,5,2,65450,5
49813,61,5,1,65463,5
49898,36,5,2,65500,6
49906,59,3,1,65585,5
49914,44,5,1,65662,5
49948,30,3,1,65674,5
49951,37,3,1,65700,5
49964,36,5,2,66000,6
49987,40,6,2,66010,5
49998,36,5,1,66011,6
50055,42,5,1,66038,5
50057,37,6,1,66162,6
50075,39,5,1,66212,5
50078,33,5,1,66250,5
50084,39,6,1,66320,5
50098,43,5,2,66650,5
50110,52,6,1,66758,6
50121,45,5,2,66921,5
50126,48,6,1,67000,6
50157,39,4,1,67000,5
50194,32,5,2,67000,5
50209,30,5,2,67150,6
50215,62,4,1,67165,7
50219,35,5,1,67200,5
50224,31,6,1,67300,5
50234,44,3,1,67363,5
50267,45,5,2,67612,5
50281,42,4,1,67712,5
50294,46,4,1,68000,6
50301,41,3,1,68029,5
50328,41,4,2,68120,6
50341,62,4,1,68700,5
50344,47,6,2,69179,6
50358,60,5,1,69252,6
50402,49,5,1,69501,5
50407,33,5,1,69612,6
50410,40,5,1,70000,5
50428,54,5,1,70000,5
50435,50,6,1,70000,6
50485,28,3,1,70000,7
50499,31,3,1,70000,7
50569,59,5,1,70000,6
50600,29,4,1,70080,5
50625,32,6,2,70084,5
50662,60,6,1,70134,5
50706,53,5,1,70200,5
50724,51,3,1,70213,7
50755,34,3,2,70216,7
50763,36,5,2,70237,5
50764,64,3,1,70427,7
50766,40,5,1,70615,5
50786,48,4,1,70759,5
50801,41,3,1,71000,5
50806,53,6,1,71000,5
50821,53,4,1,71042,5
50838,37,6,1,71432,5
50857,50,5,1,71562,5
50879,61,4,1,72025,5
50936,31,6,1,72082,5
50949,42,3,1,72192,5
50968,36,5,1,72404,5
50992,54,6,1,72700,6
51021,58,5,1,73000,5
51033,31,4,1,73000,5
51040,42,4,1,73007,5
51067,25,4,1,73025,5
51068,50,6,1,73079,6
51071,52,4,1,73366,5
51090,44,5,2,73483,5
51094,35,4,1,73530,5
51120,25,3,1,74000,5
51123,49,6,1,74000,5
51168,59,4,2,74084,5
51212,32,4,1,74101,5
51231,37,5,2,74119,5
51247,48,3,2,74223,5
51283,50,6,2,74418,6
51296,44,5,1,74615,5
51314,27,5,1,75000,5
51318,56,6,1,75000,6
51361,32,6,1,75000,5
51367,34,4,2,75000,6
51372,36,6,2,75058,5
51391,35,4,1,75059,5
51463,52,6,2,75073,6
51466,43,5,2,75114,5
51474,52,4,2,75115,5
51495,46,3,1,75120,7
51516,46,4,2,75200,5
51532,43,4,1,75230,5
51559,33,3,1,75300,7
51609,42,4,1,75300,5
51647,34,3,1,75485,7
51667,32,6,1,75500,5
51698,54,5,1,75521,5
51704,35,4,1,75538,5
51740,41,5,1,75732,5
51762,40,5,1,75771,7
51784,37,5,1,75840,5
51785,50,5,1,75969,5
51790,41,6,1,76000,6
51791,39,4,1,76023,5
51807,48,5,2,76130,5
51825,55,5,1,76292,5
51848,31,4,1,76375,7
51887,44,4,1,76516,6
51899,53,4,1,76962,6
51903,45,6,1,77000,5
51924,42,6,2,77200,6
51954,39,5,2,78000,5
51962,39,3,1,78116,7
51967,38,5,1,78362,5
51986,44,4,2,79000,5
52003,53,6,1,79028,5
52004,28,5,1,79075,5
52016,37,4,2,79117,5
52019,42,6,1,79199,6
52033,35,5,1,79500,5
52041,36,5,1,79924,5
52043,55,5,2,79974,5
52055,34,6,1,80000,5
52056,46,6,1,80000,5
52066,43,6,1,80000,5
52079,63,4,1,80025,7
52152,49,4,1,80040,5
52169,65,5,1,80081,6
52171,46,6,1,80100,5
52177,43,3,1,80131,7
52194,44,4,1,80162,5
52226,38,5,1,80250,5
52232,48,6,1,80400,5
52244,35,6,1,80500,5
52254,34,5,1,80510,5
52257,29,5,2,80612,5
52267,30,5,1,81000,5
52268,42,3,1,81742,5
52308,39,5,1,81815,5
52367,35,3,1,82000,5
52386,50,5,1,82028,5
52397,50,5,1,82115,5
52439,35,5,2,82188,5
52443,42,6,1,82196,6
52454,50,4,1,82353,5
52456,59,6,1,82390,7
52466,57,3,1,82400,5
52468,59,5,2,82600,5
52478,42,2,1,82790,5
52489,27,5,2,83000,5
52497,56,6,1,83000,6
52503,44,5,2,83020,6
52504,58,6,1,83400,5
52513,59,6,1,83426,7
52528,34,5,1,83500,6
52545,36,3,1,83565,5
52579,51,6,2,84348,6
52587,53,5,1,85000,7
52603,33,5,1,85000,6
52617,40,4,1,85002,5
52652,54,6,1,85039,5
52705,45,5,1,85469,5
52739,31,6,1,85700,6
52750,55,5,1,85725,5
52775,35,5,1,85750,5
52780,42,6,1,85883,7
52783,64,3,2,86035,7
52804,56,4,2,86172,5
52821,30,4,1,86400,6
52834,31,3,2,86727,5
52871,54,5,1,86750,5
52914,49,5,1,87000,5
52929,50,6,1,87056,7
52957,30,5,2,87208,5
52971,54,4,1,87318,5
52972,56,4,1,87487,5
52983,45,2,1,88200,7
53004,53,3,2,88210,5
53014,59,3,1,88213,5
53016,47,5,1,88960,7
53029,54,6,1,88962,7
53030,58,4,2,89800,6
53039,34,5,1,90000,7
53046,47,5,2,90000,5
53050,49,5,2,90299,5
53064,35,5,1,90500,5
53083,55,3,1,91238,5
53091,41,4,1,91694,5
53179,51,6,2,91860,5
53194,39,4,2,92010,5
53201,39,5,2,92520,7
53214,62,4,1,92637,5
53216,50,6,1,92898,5
53219,50,4,1,93560,5
53245,44,6,2,93577,7
53321,46,5,2,93750,7
53335,32,4,1,93799,5
53342,56,4,1,94977,5
53370,47,3,1,95032,7
53371,59,6,1,95727,6
53404,51,4,1,96001,6
53410,46,5,1,96151,5
53435,53,5,1,96219,7
53456,44,5,2,96350,5
53477,53,6,2,96393,7
53479,50,5,1,97000,5
53481,34,6,1,97266,6
53493,31,6,1,97287,5
53495,43,5,1,97522,5
53496,29,5,1,97837,5
53504,39,5,1,98150,7
53510,48,4,2,98169,7
53519,44,6,1,98504,6
53521,41,4,1,99081,6
53554,26,5,1,99400,5
53568,44,4,2,99604,5
53577,51,5,1,100000,7
53598,39,5,2,100012,5
53606,42,4,1,100012,5
53609,62,4,1,100041,5
53614,53,5,1,100100,5
53652,34,5,1,100130,5
53664,41,5,1,100162,5
53670,55,5,1,100190,5
53672,57,6,1,100267,7
53688,41,6,2,100288,5
53700,30,5,1,100600,5
53713,38,3,1,100800,5
53737,51,6,1,100912,5
53744,41,4,1,101000,5
53765,26,5,2,101356,7
53799,39,6,1,102162,7
53805,32,5,1,102500,5
53809,34,5,1,102650,5
53821,54,6,1,103447,5
53877,62,6,1,103730,6
53881,60,6,1,104000,5
53903,47,6,1,104400,5
53926,65,5,1,104718,5
53951,54,5,1,105500,5
53967,40,4,1,105985,6
53970,33,5,1,106000,5
53974,35,6,2,107000,5
53976,57,4,2,107000,7
54022,65,1,1,107004,5
54023,39,6,1,107500,5
54090,36,6,1,107650,6
54128,60,6,2,108400,5
54133,41,5,1,108485,5
54163,62,5,1,108647,6
54167,28,6,1,109708,6
54178,43,6,1,110000,5
54189,43,6,1,110000,5
54211,52,4,1,110042,5
54306,52,3,2,110075,7
54314,48,5,1,110274,5
54318,43,5,1,110744,7
54330,40,4,1,111000,6
54339,50,6,1,111785,5
54346,35,6,1,113318,5
54349,53,4,1,114284,5
54369,62,4,1,114756,5
54370,41,4,1,114808,5
54378,51,4,1,115132,7
54428,36,6,1,117262,5
54456,32,5,2,118259,5
54464,52,5,1,119962,5
54485,51,6,1,120020,5
54492,64,5,1,120084,5
54516,47,5,1,120353,7
54517,56,6,1,120512,5
54529,37,6,2,120848,5
54555,29,5,2,121000,7
54580,48,6,1,121200,7
54584,47,3,1,121378,5
54617,48,6,1,124037,5
54622,58,6,1,125000,7
54625,45,6,1,125500,5
54645,63,6,2,126288,6
54654,60,6,1,126500,7
54663,39,4,1,127000,5
54674,45,5,2,127931,5
54708,58,6,1,128649,5
54709,50,4,2,130010,5
54715,35,6,1,130151,5
54731,50,5,1,130300,5
54751,53,6,1,130504,5
54752,60,6,1,131066,5
54753,50,6,2,131157,5
54761,60,5,1,131825,5
54808,46,5,1,133400,7
54841,52,3,1,133569,7
54878,50,5,1,134615,5
54891,49,5,2,135244,5
54910,51,3,1,137004,5
54939,41,3,1,137705,7
54941,47,5,1,139000,7
54965,43,6,1,139004,6
54970,61,5,1,142962,5
54973,42,5,1,143819,5
54982,53,3,2,145610,7
55011,53,6,1,147713,6
55014,42,5,1,149152,7
55024,58,6,1,149462,7
55027,34,5,1,150485,5
55034,42,5,1,151000,7
55060,44,5,1,152000,5
55069,55,6,1,152400,5
55094,60,6,2,152728,5
55096,43,5,1,153237,5
55102,63,5,1,153313,6
55106,55,5,1,154808,7
55147,61,6,1,155000,7
55152,42,4,1,155062,5
55172,30,3,2,155078,5
55187,34,5,2,155219,5
55190,60,5,1,156821,7
55210,47,6,2,157993,5
55242,56,6,1,175704,6
55246,51,5,1,184504,7
55287,45,6,2,198720,5
55322,39,6,1,206984,7
55337,45,5,1,214240,5
55347,49,5,2,218108,5
55349,46,3,2,219966,7
55351,35,4,1,229339,5
55354,38,4,1,229339,5
55357,60,6,1,229339,7
55374,36,6,1,229339,5
55391,38,4,1,229568,7
55403,60,4,1,229573,7
55422,48,6,1,229698,5
55486,62,6,1,229760,6
55497,44,4,1,229789,7
55505,43,5,1,229789,5
55511,45,6,1,229842,5
55521,43,1,1,230058,5
55550,58,6,1,231867,5
55568,32,6,1,232339,7
55570,31,5,1,233339,5
55611,55,6,1,234389,5
55613,54,5,1,235289,5
55668,49,6,1,235839,5
55669,45,6,1,235912,5
55676,59,5,1,236114,5
55695,53,6,1,236967,7
55715,48,6,1,247990,5
55721,44,6,1,249339,5
55731,48,5,1,249339,5
55732,50,6,1,250191,5
55741,64,6,1,250265,5
55747,39,5,1,257625,5
55751,48,3,1,257727,5
55764,47,4,1,269301,5
55778,65,5,1,278585,7
55848,44,3,2,298805,5
55854,48,4,1,308587,7
55876,40,3,2,333564,5
55898,55,5,1,419351,5
